LINE,중복,PID PAGE
401-A-8/N,,4
401-B-10/N,,4
401-C-12/N,,4
401-CA-12/N,,4
401-CB-12/N,,4
401-D-12/N,,4
401-G-10/N,,4
401-H-8/N,,4
401-J-1/2/N,,4
401-K-1/2/N,,4
401-L-1/2/N,,4
401-M-1/2/N,,4
401-P-1/2/N,,4
401-Q-1/2/N,,4
401-R-1/2/N,,4
401-S-1/2/N,,4
401-T-1/2/N,,4
402-A-2-1/2/N,,4
402-BA-2-1/2/N,,4
402-C-2-1/2/N,,4
403-A-1/N,,4
403-B-3/8/N,,4
404-A-6/N,,4
405-A-4/N,,4
405-B-6/N,,4
405-C-6/N,,4
406-A-3/N,,4
407-AA-1/N,,4
407-BA-1/N,,4
409-A-5/N,,4
410-A-3-1/2/N,,4
411-A-3-1/2/N,,4
412-A-2/N,,4
413-A-1/N,,4
414-AA-1-1/2/N,,4
414-BA-1/N,,4
414-CA-1/N,,4
415-A-5/N,,5
415-BA-3-1/2/N,,5
415-BB-3/N,,5
416-A-2/N,,5
416-B-1-1/2/N,,5
416-C-1/N,,5
416-D-1/N,,5
417-A-1/N,,5
418-A-8/N,,5
419-A-6/N,,5
419-B-4/N,,5
419-C-3/N,,5
420-A-4/N,,5
420-B-3-1/2/N,,5
421-A-8/N,,4
421-B-12/N,,4
421-C-1/2/N,,4
421-D-1/2/N,,4
421-E-3/8/N,,4
422-A-2/N,,5
422-B-1/N,,5
422-C-0.75/N,,5
423-A-1/N,,5
424-A-1/N,,5
425-A-5/N,,5
425-B-3-1/2/N,,5
425-C-1/N,,5
425-C-3/N,,5
426-A-1/N,,5
429-A-1/N,,5
431-A-12/N,,4
431-B-8/N,,4
431-C-1/2/N,,4
431-D-1/2/N,,4
431-E-1/2/N,,4
431-F-1/2/N,,4
431-G-1/2/N,,4
431-H-3/8/N,,4
435-A-12/N,,4
435-B-1/2/N,,4
436-A-10/N,,4
436-B-1/2/N,,4
437-A-10/N,,4
437-B-1/2/N,,4
440-A-2/N,,4
440-A-5/N,,5
441-A-5/N,,5
450-A-32/N,,4
450-B-26/N,,4
450-C-20/N,,4
451-AA-20/N,,4
451-AB-20/N,,4
452-A-12/N,,4
452-B-12/N,,4
452-C-12/N,,4
453-AA-12/N,,4
453-AB-12/N,,4
453-C-12/N,,4
454-A-12/N,,5
454-BA-12/N,,5
454-BC-12/N,,5
455-A-10/N,,5
456-A-6/N,,5
456-B-5/N,,5
457-A-10/N,,5
458-A-8/N,,5
459-A-12/N,,5
460-A-5/N,,4
460-A-30/N,,5
461-A-2/N,,4
461-A-5/N,,4
461-BB-1/2/N,,4
462-A-1/2/N,,4
462-A-4/N,,4
463-A-5/N,,4
464-A-1/N,,4
464-B-3-1/2/N,,4
465-A-1/N,,4
466-AA-6/N,,4
466-AB-6/N,,4
466-BA-1/2/N,,4
467-A-5/N,,5
467-B-3/N,,5
471-A-0.75/N,,4
472-A-0.75/N,,4
473-A-0.75/N,,4
474-A-0.75/N,,4
475-A-0.75/N,,4
476-A-0.75/N,,5
477-A-0.75/N,,5
478-A-1/N,,5
479-A-0.75/N,,5
480-A-1/N,,5
481-A-3/N,,4
482-A-2-1/2/N,,4
483-A-1/N,,4
484-A-1/N,,5
485-A-1/N,,4
486-A-1/N,,4
487-A-1/N,,4
488-A-1/N,,4
489-A-1/N,,4
490-A-1/N,,4
491-A-1/2/N,,4
492-A-1/2/N,,4
493-A-1/N,,5
494-A-1/N,,5
495-C-1/4/N,,4
496-A-2-1/2/N,,5
497-A-2/N,,5
498-A-2/N,,5
499-A-2/N,,5
518-L-TC801-A-1/2/N,,3
518-L-TC802-A-2/N,,3
518-L-TC803-A-3/N,,3
518-L-TC804-A-1/2/N,,3
518-L-TC808-A-1/2/N,,3
518-L-TC809-A-1/2/N,,3
518-L-TC810-A-6/N,,3
518-L-TC810-B-4/N,,3
518-L-TC813-A-6/N,,3
518-L-TC813-B-4/N,,3
518-L-TC813-C-3/N,,3
518-L-TC813-D-3/N,,3
518-L-TC813-E-1/2/N,,3
518-L-TC813-F-3/N,,3
518-L-TC813-FA-2-1/2/N,,3
518-L-TC813-FB-2-1/2/N,,3
518-L-TC814-A-1/2/N,,3
518-L-TC818-A-4/N,,3
518-L-TC818-B-3/N,,3
518-L-TC818-CA-3/N,,3
518-L-TC818-CB-3/N,,3
518-L-TC818-D-4/N,,3
518-L-TC819-A-4/N,,3
518-L-TC820-A-2-1/2/N,,3
518-L-TC821-A-4/N,,3
518-L-TC821-B-4/N,,3
518-L-TC822-A-5/N,,3
518-L-TC823-A-5/N,,3
518-L-TC824-A-1/2/N,,3
518-L-TC825-A-1/2/N,,3
518-L-TC826-A-1/2/N,,3
518-L-TC828-A-1/2/N,,3
518-L-TC829-A-1/2/N,,3
518-L-TC830-A-1/2/N,,3
518-L-TC830-B-1/2/N,,3
518-L-TC831-A-3/N,,3
518-L-TC832-A-1/2/N,,3
518-L-TC833-A-1/2/N,,3
518-L-TC834-A-2/N,,3
518-L-TC835-A-1/2/N,,3
518-L-TC836-A-0.75/N,,3
518-L-TC837-A-1/2/N,,3
518-L-TC838-B-1/2/N,,3
